old.area.code,province.code
35,52
20,41
15,94
34,50
6,24
4,13
38,64
14,83
34,58
39,65
10,77
37,54
22,49
14,82
11,84
28,33
5,18
36,57
36,56
26,44
10,74
15,95
9,72
27,45
19,42
35,51
15,96
10,76
16,90
40,67
8,71
13,81
7,25
3,14
8,70
14,85
28,35
29,34
16,91
39,53
7,27
5,17
4,19
29,37
24,46
2,10
41,62
7,26
33,32
42,61
6,11
13,92
41,66
12,80
5,16
38,63
37,55
3,12
25,40
11,86
22,48
30,36
9,73
21,43
12,93
32,31
19,39
10,75
23,47
18,21
31,30
17,22
1,10
17,23
18,20
42,60
5,15
